,GName,Time,Remarks
1,2018B3A70258H,0.0445857999999999,pass
2,2018B3A70864H,0.04769409999999996,pass
0,2018B3A70847H,999999.0,Wrong Ans
