,GName,Time
2,2018B3A70864H,0.06032130000000002
0,2018B3A70847H,0.15323770000000003
1,2018B3A70258H,0.15936540000000043
